question01 question text?,question 01 answer text value displayed here
question02 question text?,question 02 answer text value displayed here
question03 question text?,question 03 answer text value displayed here
question04 question text?,question 04 answer text value displayed here
question05 question text?,question 05 answer text value displayed here
question06 question text?,question 06 answer text value displayed here
question07 question text?,question 07 answer text value displayed here
question08 question text?,question 08 answer text value displayed here
question09 question text?,question 09 answer text value displayed here
question10 question text?,question 10 answer text value displayed here
question11 question text?,question 11 answer text value displayed here
question12 question text?,question 12 answer text value displayed here
question13 question text?,question 13 answer text value displayed here
question14 question text?,question 14 answer text value displayed here
question15 question text?,question 15 answer text value displayed here
question16 question text?,question 16 answer text value displayed here
question17 question text?,question 17 answer text value displayed here
question18 question text?,question 18 answer text value displayed here
question19 question text?,question 19 answer text value displayed here
