01. question text?,question 01 answer text value displayed here
02. question text?,question 02 answer text value displayed here
03. question text?,question 03 answer text value displayed here
04. question text?,question 04 answer text value displayed here
05. question text?,question 05 answer text value displayed here
06. question text?,question 06 answer text value displayed here
07. question text?,question 07 answer text value displayed here
08. question text?,question 08 answer text value displayed here
09. question text?,question 09 answer text value displayed here
10. question text?,question 10 answer text value displayed here
11. question text?,question 11 answer text value displayed here
12. question text?,question 12 answer text value displayed here
13. question text?,question 13 answer text value displayed here
14. question text?,question 14 answer text value displayed here
15. question text?,question 15 answer text value displayed here
16. question text?,question 16 answer text value displayed here
17. question text?,question 17 answer text value displayed here
18. question text?,question 18 answer text value displayed here
19. question text?,question 19 answer text value displayed here
